City,State
Alor Gajah,Melaka
Alor Setar,Kedah
Ayer Keroh, Melaka
Balik Pulau,Pulau Pinang
Balok Baru Kuantan,Pahang
Bandaraya Melaka,Melaka
Banting,Selangor
Batu Berendam,Melaka
Bukit Mertajam,Pulau Pinang
Batu Muda,Kuala Lumpur
Batu Pahat,Johor
Bayan Lepas,Pulau Pinang
Beranang,Selangor
Besut,Terengganu
Bintulu,Sarawak
Bukit Rambai,Melaka
Butterworth,Pulau Pinang
Chukai,Terengganu
Cheras,Kuala Lumpur
Dungun,Terengganu
George Town,Pulau Pinang
Indera Mahkota Kuantan,Pahang
Ipoh,Perak
Johor Bahru, Johor
Jerantut,Pahang
Kangar,Perlis
Kajang,Selangor
Kapit,Sarawak
Kemaman,Terengganu
Keningau,Sabah
Kerteh,Terengganu
Kimanis,Sabah
Klang,Selangor
Kluang,Johor
Kota Bahru,Kelantan
Kota Bharu,Kelantan
Kota Kinabalu,Sabah
Kota Samarahan,Sarawak
Kota Setar, Kedah
Kuala Muda,Kedah
Kuala Perlis,Perlis
Kota Tinggi,Johor
Kuala Selangor,Selangor
Kuala Terengganu,Terengganu
Kuantan,Pahang
Kuching,Sarawak
Kudat,Sabah
Kulai,Johor
Kulim,Kedah
Lundu,Sarawak
Labuan,Labuan
Langkawi,Kedah
Larkin,Johor
Limbang,Sarawak
Muallim,Perak
Manjung,Perak
Mersing,Johor
Minden,Pulau Pinang
Miri,Sarawak
Muar,Johor
Mukah,Sarawak
Nibong Tebal,Pulau Pinang
Nilai,Negeri Sembilan
Papar,Sabah
Pekan,Pahang
Paka,Terengganu
Pasir Gudang,Johor
Pengerang,Johor
Petaling Jaya,Selangor
Port Dickson,Negeri Sembilan
Puchong,Selangor
Putrajaya,Putrajaya
Raub,Pahang
Rompin,Pahang
Samalaju,Sarawak
Samarahan,Sarawak
Sandakan,Sabah
Sarikei,Sarawak
Seberang Jaya,Pulau Pinang
Seberang Perai,Pulau Pinang
Segamat,Johor
Sematan,Sarawak
Senai,Johor
Kuala Lumpur, Kuala Lumpur
Sepang,Kuala Lumpur
Seremban,Negeri Sembilan
Seri Manjung,Perak
Selayang,Kuala Lumpur
Serian,Sarawak
Shah Alam,Selangor
Sibu,Sarawak
Siliau,Negeri Sembilan
Sitiawan,Perak
Sri Aman,Sarawak
Subang Jaya,Selangor
Sungai Petani,Kedah
Taiping,Perak
Tanah Merah,Kelantan
Tangkak,Johor
Timur Laut, Pulau Pinang
Tanjong Malim,Perak
Tawau,Sabah
Temerloh,Pahang
Yan,Kedah
